file_path,changes
some_root_dir/.../some_file,212
some_root_dir/.../some_file,158
some_root_dir/.../some_file,113
some_root_dir/.../some_file,100
some_root_dir/.../some_file,98
some_root_dir/.../some_file,90
some_root_dir/.../some_file,86
some_root_dir/.../some_file,85
some_root_dir/.../some_file,77
some_root_dir/.../some_file,77
some_root_dir/.../some_file,73
some_root_dir/.../some_file,73
some_root_dir/.../some_file,68
some_root_dir/.../some_file,65
some_root_dir/.../some_file,63
some_root_dir/.../some_file,61
some_root_dir/.../some_file,60
some_root_dir/.../some_file,59
some_root_dir/.../some_file,55
some_root_dir/.../some_file,49
some_root_dir/.../some_file,47
some_root_dir/.../some_file,47
some_root_dir/.../some_file,47
some_root_dir/.../some_file,44
some_root_dir/.../some_file,43
some_root_dir/.../some_file,42
some_root_dir/.../some_file,41
some_root_dir/.../some_file,41
some_root_dir/.../some_file,40
some_root_dir/.../some_file,38
some_root_dir/.../some_file,36
some_root_dir/.../some_file,35
some_root_dir/.../some_file,35
some_root_dir/.../some_file,33
some_root_dir/.../some_file,33
some_root_dir/.../some_file,33
some_root_dir/.../some_file,32
some_root_dir/.../some_file,32
some_root_dir/.../some_file,31
some_root_dir/.../some_file,30
some_root_dir/.../some_file,30
some_root_dir/.../some_file,29
some_root_dir/.../some_file,29
some_root_dir/.../some_file,29
some_root_dir/.../some_file,29
some_root_dir/.../some_file,28
some_root_dir/.../some_file,28
some_root_dir/.../some_file,27
some_root_dir/.../some_file,27
some_root_dir/.../some_file,26
some_root_dir/.../some_file,26
some_root_dir/.../some_file,26
some_root_dir/.../some_file,26
some_root_dir/.../some_file,26
some_root_dir/.../some_file,26
some_root_dir/.../some_file,25
some_root_dir/.../some_file,25
some_root_dir/.../some_file,25
some_root_dir/.../some_file,24
some_root_dir/.../some_file,24
some_root_dir/.../some_file,24
some_root_dir/.../some_file,23
some_root_dir/.../some_file,23
some_root_dir/.../some_file,23
some_root_dir/.../some_file,22
some_root_dir/.../some_file,21
some_root_dir/.../some_file,21
some_root_dir/.../some_file,21
some_root_dir/.../some_file,21
some_root_dir/.../some_file,20
some_root_dir/.../some_file,20
some_root_dir/.../some_file,20
some_root_dir/.../some_file,20
some_root_dir/.../some_file,20
some_root_dir/.../some_file,20
some_root_dir/.../some_file,20
some_root_dir/.../some_file,20
some_root_dir/.../some_file,19
some_root_dir/.../some_file,19
some_root_dir/.../some_file,19
some_root_dir/.../some_file,19
some_root_dir/.../some_file,19
some_root_dir/.../some_file,19
some_root_dir/.../some_file,18
some_root_dir/.../some_file,18
some_root_dir/.../some_file,18
some_root_dir/.../some_file,18
some_root_dir/.../some_file,18
some_root_dir/.../some_file,18
some_root_dir/.../some_file,17
some_root_dir/.../some_file,17
some_root_dir/.../some_file,17
some_root_dir/.../some_file,17
some_root_dir/.../some_file,17
some_root_dir/.../some_file,16
some_root_dir/.../some_file,16
some_root_dir/.../some_file,16
some_root_dir/.../some_file,16
some_root_dir/.../some_file,15
some_root_dir/.../some_file,15